Platform,Function
LaserDust,Analog out
LaserDust,Customized Tuning
LaserDust,Ethernet
LaserDust,PSU
LaserDust,TU/PSU cable
LaserDust,TU/PSU cable ATEC/IECEx/CSA
LaserDust,TU/RU cable
LaserGas II Compact,Analog out
LaserGas II Compact,Customized Tuning
LaserGas II Compact,Ethernet
LaserGas II Compact,HMI
LaserGas II Compact,Misc
LaserGas II Compact,PSU
LaserGas II Compact,"Purge fittings, instrument LGII"
LaserGas II Compact,Span Check
LaserGas II Compact,TU/PSU cable
LaserGas II Compact,TU/PSU cable ATEC/IECEx/CSA
LaserGas II Compact,TU/RU cable
LaserGas II Compact,TU/RU cable Ex‐version
LaserGas II Multipass,Analog out
LaserGas II Multipass,Customized Tuning
LaserGas II Multipass,Ethernet
LaserGas II Multipass,HMI
LaserGas II Multipass,Tracking Cell
LaserGas II Open Path,Analog out
LaserGas II Open Path,Customized Tuning
LaserGas II Open Path,Ethernet
LaserGas II Open Path,HMI
LaserGas II Open Path,PSU
LaserGas II Open Path,Reflector Cabinets
LaserGas II Open Path,TU/PSU cable
LaserGas II Open Path,TU/PSU cable ATEC/IECEx/CSA
LaserGas II Single Path,Analog out
LaserGas II Single Path,Customized Tuning
LaserGas II Single Path,Ethernet
LaserGas II Single Path,HMI
LaserGas II Single Path,Misc
LaserGas II Single Path,PSU
LaserGas II Single Path,"Purge fittings, instrument LGII"
LaserGas II Single Path,Span Check
LaserGas II Single Path,Tracking Cell
LaserGas II Single Path,TU/PSU cable
LaserGas II Single Path,TU/PSU cable ATEC/IECEx/CSA
LaserGas II Single Path,TU/RU cable
LaserGas III Open Path,HMI
LaserGas III Open Path,PSU
LaserGas III Single Path,HMI
LaserGas III Single Path,PSU
LaserGas III Single Path,Dairy Clasp Gasket
LaserGas III Single Path,Cable
LaserGas III Single Path,Additional Connector box
LaserGas iQ2,HMI
LaserGas iQ2,PSU
LaserGas Q,Analog out
LaserGas Q,Ethernet
LaserGas Q,HMI
LaserGas Q,PSU
LaserGas Q,TU/PSU cable
LaserGas Q,TU/PSU cable ATEC/IECEx/CSA
LaserGas Q,TU/RU cable
LaserGas Q,TU/RU cable Ex‐version
LaserGas Q,Dairy Clasp Gasket
